{"cameraMode":{"drawMode":0,"name":"Shaded","section":"Shading Mode"},"sceneLighting":false,"audioPlay":false,"sceneViewState":{"m_AlwaysRefresh":false,"showFog":true,"showSkybox":false,"showFlares":true,"showImageEffects":true,"showParticleSystems":true,"showVisualEffectGraphs":true,"m_FxEnabled":true},"in2DMode":false,"pivot":{"x":-0.21357905864715577,"y":0.004901766777038574,"z":-0.5329571962356567},"rotation":{"x":-0.05629197135567665,"y":0.9268292188644409,"z":-0.15462997555732728,"w":-0.3374798595905304},"size":1.1645692586898804,"orthographic":false}