{"cameraMode":{"drawMode":0,"name":"Shaded","section":"Shading Mode"},"sceneLighting":true,"audioPlay":false,"sceneViewState":{"m_AlwaysRefresh":false,"showFog":true,"showSkybox":true,"showFlares":true,"showImageEffects":true,"showParticleSystems":true,"showVisualEffectGraphs":true,"m_FxEnabled":true},"in2DMode":false,"pivot":{"x":-1.6192779541015626,"y":0.1713714599609375,"z":14.00119400024414},"rotation":{"x":-0.10408749431371689,"y":0.37831634283065798,"z":-0.042871586978435519,"w":-0.9187976717948914},"size":12.12435531616211,"orthographic":false}