{"cameraMode":{"drawMode":0,"name":"Shaded","section":"Shading Mode"},"sceneLighting":true,"audioPlay":false,"sceneViewState":{"m_AlwaysRefresh":false,"showFog":true,"showSkybox":false,"showFlares":true,"showImageEffects":true,"showParticleSystems":true,"showVisualEffectGraphs":true,"m_FxEnabled":true},"in2DMode":false,"pivot":{"x":0.031666457653045657,"y":0.3639262616634369,"z":0.008680880069732666},"rotation":{"x":0.11557747423648834,"y":0.3380422294139862,"z":0.041986141353845599,"w":-0.9330428242683411},"size":1.3140395879745484,"orthographic":false}